id,post_id,name,latitude,longitude,height,year,comment
1,20046,Им.Э.Т.Кренкеля ,8037,5803,21,1957,
2,20069,Остров Визе,7930,7659,12,1945,
3,20087,Им.Г.А.Ушакова (Голомянный),7933,9037,7,1930,До 2015г. наз. Остров Голомянный
4,20107,Баренцбург,7804,1415,73,1940,
5,20289,Русский,7710,9626,9,1935,Закрыта в 1999г.
6,20292,"Им.Е.К.Федорова, ОГМС",7743,10418,14,1932,До 17.01.1983г. наз. мыс Челюскин
7,20476,Стерлегова,7525,8854,10,1934,
8,20667,Им. М.В.Попова,7320,7003,4,1940,
9,20674,Остров Диксон,7331,8024,42,1916,
10,20744,Малые Кармакулы,7222,5243,18,1876,
11,20891,Хатанга,7159,10228,31,1906,12.01.1951г. перенос на 800м к ЮЮЗ
12,20946,Им. Е.К.Федорова,7027,5905,13,1959,До 1983г. наз. Болванский Нос
13,20982,Волочанка,7058,9430,37,1933,
14,21432,Остров Котельный,7600,13752,12,1933,14.09.2003г. перенос на 1.2км к З
15,21611,Терпяй-Тумса,7333,11840,12,1959,Законсервирована в 1997 г.
16,21647,Шалаурова,7311,14314,21,1928,Законсервирована  в  2000 г.
17,21802,Саскылах,7158,11405,16,1935,01.02.1964г. перенос на 5км к Ю
18,21824,Тикси,7135,12855,6,1932,
19,21908,Джалинда,7008,11358,61,1942,
20,21921,Кюсюр,7041,12724,30,1909,
21,21931,Юбилейная,7046,13613,23,1934,11.05.1969г. перенос на 7км к СЗС
22,21946,Чокурдах,7037,14753,44,1939,20.05.1955г. перенос на 800м к ССВ.
23,21982,Остров Врангеля,7059,18131,18,1926,"Переносы: в 1929г. с берега на косу (1км), в 1932г. на старое место, в 1934г. с берега на косу, в 2010г. на ЮВ часть коренного берега о.Врангеля "
24,22003,Вайда-Губа,6956,3159,8,1961,
25,22019,Полярное,6912,3329,32,1985,
26,22028,Териберка,6912,3507,33,1983,
27,22095,Колгуев Северный,6932,4905,23,1971,1971г. - перенос на 11км  к ЮВ
28,22101,Янискоски,6858,2847,99,1961,1965г.- ст. сгорела; 1969г.- открыта в 7км  к СВ
29,22113,Мурманск,6858,3303,57,1966,
30,22140,Святой Нос,6809,3946,12,1985,
31,22165,Канин Нос,6839,4318,48,1966,
32,22204,Ковдор,6734,3027,246,1961,Перенос 27.09.1965г. на 1км  к СВ
33,22217,Кандалакша,6709,3221,26,1966,
34,22235,Краснощелье,6721,3703,155,1971,
35,22249,Каневка,6708,3940,149,1971,
36,22271,Шойна,6753,4410,5,1971,
37,22292,Индига,6741,4841,3,1971,
38,22324,Умба,6641,3421,39,1971,
39,22355,Сосновец  остров,6629,4041,15,1961,
40,22408,Калевала,6513,3109,118,1951,Перенос в 05.1964г. на 1км  к З
41,22422,Гридино,65о54’,34 о46’,9,1966,
42,22438,Жижгин,6512,3649,26,1961,
43,22471,Мезень,6552,4413,14,1971,
44,22520,Кемь порт,6459,3448,7,1966,
45,22550,Архангельск,6430,4044,8,1966,
46,22583,Койнас,6445,4739,63,1961,
47,22602,Реболы,63 о50’,30 о49’,180,1914,Перенос в1928г. на 1.5км к Ю
48,22619,Паданы,6316,3325,130,1951,
49,22641,Онега,6354,3807,11,1966,
50,22676,Сура,6335,4538,62,1971,
51,22768,Шенкурск,6206,4254,40,1971,
52,22802,Сортавала,6143,3043,17,1949,
53,22820,Петрозаводск,6149,3416,110,1949,Перенос в 06.1954г. на 1км к СВ
54,22837,Вытегра,6101,3627,55,1936,
55,22845,Каргополь,6130,3856,124,1971,
56,22854,Няндома,61 о40’,40 о11’,232,1961,
57,22887,Котлас,61 о14’,46 о43’,55,1966,
58,22892,Выборг,6043,2844,10,1951,
59,22907,Гогланд,6005,2659,5,1952,
60,22981,Великий Устюг,6046,4618,94,1961,
61,23022,Амдерма,6946,6141,53,1961,
62,23032,Марресаля,6943,6648,24,1961,
63,23058,Антипаюта,6905,7651,2,1961,
64,23074,Дудинка,6924,8610,14,1966,"27.09.2012г. прекращены наблюдения, 01.03.2015г. закрыта "
65,23114,Мыс Константиновский,6833,5530,5,1961,
66,23205,Нарьян-Мар,6738,5302,5,1966,
67,23219,Хоседа-Хард,67 о05’,59 о23’,82,1966,Закрыта 18.04.2016г.
68,23220,Елецкая,6703,6404,113,1961,
69,23242,Новый Порт,6741,7253,11,1961,
70,23256,Тазовский,6729,7843,26,1961,
71,23274,Игарка,6728,8634,25,1971,
72,23324,Петрунь,6626,6046,61,1971,
73,23330,Салехард,6632,6640,15,1961,"Перенос: 31.08.1973г. на 2км к В, 30.05.2002г. на 2км к В"
74,23331,Ра-Из,6654,6540,895,1961,"С 01.01.1998г. законсервирована, 01.08.2011г. закрыта"
75,23345,Ныда,6637,7254,5,1961,"Переносы: 22.09.1962г. на 4км к ЮЗ, 03.07.1988г. на 1км к ЗЮЗ"
76,23365,Сидоровск,6636,8218,34,1961,"С 01.09.1997г. законсервирована, с 01.08.2011г. закрыта"
77,23383,Агата,6653,9328,277,1971,
78,23405,Усть-Цильма,6526,5216,78,1966,
79,23412,Усть-Уса,6558,5655,77,1961,
80,23418,Печора,65 о07’,57 о06’,53,1966,Перенос в 1973г. на 1.2км к ССЗ
81,23445,Надым,6529,7241,14,1961,"Переносы: 26.09.1963г. на 10км к ЮЗ, 22.10.1977г. на 10км к ЮВ"
82,23463,Янов Стан,6559,8416,41,1971,
83,23472,Туруханск,6547,8756,38,1936,"Переносы: 10.08.1953г. на 1.5км к СЗ, в 08.1959г. на 4км к ЮВ"
84,23514,Ираель,6431,5524,156,1961,
85,23527,Саранпауль,6417,6053,28,1961,
86,23552,Тарко-Сале,6455,7746,26,1961,"Переносы: в 07.1967г. на 2км к С, 07.10.1992г. на 1.5км к ЮЗ"
87,23589,Тутончаны,6412,9347,105,1961,
88,23631,Березово,6355,6502,27,1937,"Переносы: в 10.1969г. на 2км к ЮЮЗ, 30.06.1983г. на 1.5км к ЮЗ"
89,23656,Халясавэй,6323,7819,66,1961,В 1993-1996гг. была законсервирована   
90,23662,Толька,6400,8203,31,1961,
91,23678,Верхнеимбатск,6309,8757,46,1971,
92,23707,Усть-Вымь,6214,5025,107,1961,
93,23711,Троицко-Печорск,6242,5612,134,1966,
94,23724,Няксимволь,6226,6052,50,1941,
95,23734,Октябрьское,6227,6603,70,1961,Перенос 12.08.1962г. на 1.5км к  С  
96,23804,Сыктывкар,6141,5047,116,1966,В 1982г. перенос из аэропорта на территорию ГМО
97,23867,Ларьяк,6106,8015,55,1961,
98,23884,Бор,6136,9001,62,1936,"Переносы: 15.10.1957г. на 1.5км к  В, 22.10.1976г. на 2.5км к ЮВ"
99,23891,Байкит,6140,9622,247,1939,
100,23904,Койгородок,6027,5058,124,1961,
101,23914,Чердынь,6024,5631,208,1966,
102,23921,Ивдель,6041,6027,93,1936,Перенос 31.10.1959г. на 3.5км к ЮВ
103,23933,Ханты-Мансийск,6102,6907,44,1962,"Перенос 20.09.2006г.,  коорд. стали: 6101-6907. В 2015г. координаты стали 6102-6907"
104,23946,Угут,6030,7401,47,1961,
105,23955,Александровское,6026,7752,47,1936,"Переносы: 29.09.1954г. на 1.5км к СЗ, 1.07.1959г. на 3км к СЗ"
106,23966,Ванжиль-Кынак,6021,8405,98,1971,
107,23986,Северо-Енисейский,6023,9302,513,1971,
108,24076,Депутатский,6923,13953,281,1961,
109,24105,Ессей,6828,10222,272,1966,Законсервирована с 25.12.1998г.
110,24125,Оленек,6831,11229,195,1937,Перенос в 03.1965г.  на 2 км к ВСВ
111,24136,Сухана,6837,11820,78,1961,
112,24143,Джарджан,6844,12400,38,1966,
113,24266,Верхоянск,6734,13324,136,1936,"Переносы: 30.10.1940г. на 1.5км к ССВ, 27.04.1947г. на 2.5км к ЮЮВ в р-н аэропорта, 06.09.1999г. из аэропорта на АЭ на 2.5-3км к ЮЗ"
114,24329,Шелагонцы,6615,11417,233,1966,
115,24343,Жиганск,6647,12322,88,1936,Перенос 4.09.1957г. на 1км к СЗ
116,24371,Усть-Чаркы,6648,13641,274,1961,
117,24382,Усть-Мома,6627,14313,195,1961,
118,24507,Тура (Эвенкийский),6416,10014,188,1936,Перенос 25.07.1962г. на 500м к СВ
119,24538,Чумпурук,64°14¢,116°55¢,137,1961,
120,24606,Кислокан,63°35¢,103°58¢,209,1971,
121,24641,Вилюйск,63°47¢,121°37¢,111,1936,Перенос 10.11.1956г. на 1км к ЮВ
122,24643,Хатырык-Хомо,63°57¢,124°50¢,76,1961,
123,24661,Сеген-Кюель,64°00¢,130°18¢,208,1961,
124,24671,Томпо,63°57¢,135°52¢,399,1961,
125,24688,Оймякон,63°15¢,143°09¢,740,1939,
127,24713,Наканно,62°53¢,108°26¢,246,1961,
128,24726,Мирный,62°32¢,113°52¢,351,1961,
129,24738,Сунтар,62°10¢,117°38¢,130,1936,"Переносы: 21.09.1960г. на 1.5км к СВ, 10.09.1973г. на 2.5км к С"
130,24763,Крест-Хальджай,62°48¢,134°29¢,130,1961,
131,24790,Сусуман,62°47¢,148°10¢,646,1961,
132,24802,Стрелка Чуня,61°45¢,102°48¢,357,1961,
133,24817,Ербогачён,61°16¢,108°01¢,284,1941,
134,24908,Ванавара,60°20¢,102°18¢,259,1936,Перенос 01.10.1956г. на 1км к ЮВ
135,24923,Ленск,60°44¢,114°50¢,238,1961,Переносы: 04.10.1981г. на 1км к СВ
136,24933,Килеер,60°57¢,119°18¢,247,1961,
137,24944,Олекминск,60 о24’,120 о25’,225,1936,"Переносы: с 08.1938г. на 1.5км к ЮВ, с 01.1945г. в 4км к ССВ"
138,24951,Исить,60°49¢,125°19¢,123,1961,Переносы: 16.10.2002г. на 1.5км к ЗСЗ
139,24959,Якутск,62°00¢,129°40¢,98,1936,Перенос: 01.11.1964г. на 700-800м к СЗ
140,24966,Усть-Мая,60°21¢,134°27¢,171,1936, 15.09.1943г. перенос в  с. Чаран  (бывшее с. Петропавловское)
141,24967,Тегюлтя,60°28¢,130°00¢,173,1961,
142,24982,Уега,60°43¢,142°47¢,396,1961,
143,25034,Бухта Амбарчик,69°37¢,162°18¢,24,1933,
144,25042,Им. В.С.Сидорова (Айон),69°56¢,167°59¢,13,1942,
145,25062,Мыс Биллингса,69°53¢,175°46¢,2,1935,
146,25138,Островное,68°07¢,164°10¢,98,1933,
147,25173,Мыс Шмидта,68°54¢,-179°38¢,2,1932,Перенос в 1953 г. на 7км  к В. Законсервирована с 01.09.2013г.
148,25206,Среднеколымск,67°27¢,153°43¢,20,1887,
149,25248,Илирней,67°15¢,167°58¢,352,1944,"С 07.10.2015г. наблюдения прекращены, нет штата.
"
150,25282,Мыс Ванкарем,67°50¢,-175°50¢,3,1934,
151,25325,Усть-Олой,66°33¢,159°25¢,127,1943,С 19.08.2013г. временно законсервирована
152,25356,Эньмувеем,66°23¢,173°20¢,78,1946,
153,25372,"Амгуэма,87км",67°01¢,-178°56¢,139,1951,Законсервирована с 01.09.1995 г.
154,25378,Эгвекинот,66°21¢,-179°07¢,18,1950,Перенос 19.12.1957г. на 9км к С
155,25399,Уэлен,66°10¢,-169°50¢,5,1918,
156,25400,Зырянка,65°44¢,150°54¢,41,1935,12.08.1937г. перенос на 16.6км к Ю в п.Зырянка
157,25428,Омолон,65°14¢,160°32¢,260,1944,Перенос 25.12.1953г. на 1км к Ю
158,25503,Коркодон,64°45¢,153°58¢,97,1935,Перенос 02.09.1940г. на 7км вверх по течению р.Колымы к устью р.Коркодон
159,25538,Верхне-Пенжино,64°13¢,164°14¢,324,1944,
160,25551,Марково,64°41¢,170°25¢,25,1894,"Перенос в 1940г. на 25км к В,  в 10.1942г. обратно в Марково"
161,25563,Анадырь,64°47¢,177°34¢,64,1889,Переносы: в 1913г. на 5км к ЮЗ (из п.Комбинат в п.Анадырь) и 1.12.1935г. обратно
162,25594,Бухта Провидения,64°23¢,-173°14¢,25,1934,"В 1938г. перенос в р-н аэропорта (на другой берег реки), в 1940г. в с.Урелики, в 2001г. в аэропорт Провидения. С 01.09.2013г. законсервирована"
163,25621,Кедон,64°00¢,158°55¢,682,1945,Законсервирована с 01.08.2003г.
164,25656,Березово,63°27¢,172°42¢,200,1944,Законсервирована с 03.05.1995г.
165,25677,Беринговская,63°01¢,179°17¢,3,1944,С 1996г. по 2006г. наблюдения не проводились. С 01.09.2013г. законсервирована
166,25703,Сеймчан,62°55¢,152°25¢,206,1933,"Перенос в 12.1941г. на 1.5км к С, в 1998г. на 1.8км к С"
167,25705,Среднекан,62°27¢,152°19¢,264,1933,"Переносы: 22.10.1934г. на 1.7км к ЮЗ, 25.10.1936г. обратно, но на 500м к ЮЮЗ"
168,25744,Каменское,62°29¢,166°13¢,35,1949,"Перенос 13.07.1964г. на 7км к СВ (коорд. 62°26¢ -166°05¢),  в 11.2002г. на 7км к ЮЗ "
169,25767,Хатырка,62°03¢,175°12¢,11,1954,Законсервирована с 01.09.2013г.
170,25777,Бухта Гавриила,62°25¢,179°08¢,4,1935,Законсервирована с 01.09.1995г. 
171,25912,Ола,59°34¢,151°17¢,4,1914,
172,25913,Магадан (Нагаево),59°33¢,150°47¢,115,1930,Перенос 17.02.1937г. на 1.7км к ЮВ 
173,25916,"Алевина, мыс",58°50¢,151°21¢,64,1962,
174,25922,Шелихова,60°43¢,155°53¢,34,1960,
175,25927,Брохово,59°39¢,154°16¢,7,1933,
176,25932,Тайгонос,60°41¢,160°24¢,45,1949,Законсервирована с 15.07.2013г.
177,25954,Корф,60°21¢,166°00¢,2,1929,Закрыта 08.10.2011г.
178,25956,Апука,60°26¢,169°40¢,3,1932,
179,26063,Санкт-Петербург,59°58¢,30°18¢,3,1743,Перенос в 07.1933г. на 5км  к ССЗ
180,26069,Белогорка,59°21¢,30°08¢,88,1926,
181,26094,Тихвин,59°39¢,33°33¢,61,1938,"Переносы: в 12.1946г. на 3.5км к СЗ, в 10.1955г. на 2.5км к ВЮВ"
182,26157,Гдов,58°44¢,27°50¢,39,1916,"Переносы: в 12.1944г. на 5км к С, в 11.1947г. обратно, в 07.1954г. на 3.3км к СВ"
183,26258,Псков ,57 о49’,28 о20’,43,1874,"Переносы: в 03.1910г. на 1км к СЗ, в 09.1934г. на 1км к С, в 08.1944г. на 2.8км к ССЗ, в 06.1957г. на 3.7км к ЮЮЗ"
184,26275,Старая Русса,58°01¢,31°19¢,24,1901,
185,26298,Бологое ,57 о54’,34 о03’,186,1928,Переносы: 27.10.1930г. на 1км к СЗ;  08.06.1957г. на 1км к С
186,26359,Пушкинские Горы,57°01¢,28°54¢,108,1931,
187,26477,Великие Луки,56 о21’,30 о 37’,104,1880,"Переносы: в 12.1933г. на 10км к ССВ, с 02.1946г. в д. Зимари в 5км к ССВ от г. Великие Луки, в 09.1946г. на 2км к ЮЮЗ"
188,26479,Торопец,56°29¢,31°38¢,187,1923,
189,26499,Старица,56°30¢,34°56¢,184,1892,Переносы: в 1941г. на 1км к  ССВ; 17.07.1987г.  на 1.5км к  ЗСЗ
190,26614,Советск,5505¢,21°56¢,37,1881,
191,26701,Балтийск,54°39¢,19°53¢,4,1948,
192,26702,Калининград ,54 о42’,20 о37’,20,1848,
193,26706,Железнодорожный,54°22¢,21°18¢,49,1950,
194,26781,Смоленск,54°45¢,32°04¢,236,1887,Перенос в 1936г. на 2км на территорию аэропорта
195,26898,Брянск ,53 о15’,34 о19’,214,1928,"1928-1935гг. – данные ст.Брянск, ж.д. (коорд.5313¢-34 о26’); 1935-1945гг. – данные ст. Брянск,АМСГ (коорд.5318¢-34 о18’); перенос 26.06.1946г. на 6,5км к СЗ (коорд.5320¢-34 о14’); с 1966г.-1987г.  данные ст. Брянск, агро и с 1988г. ст.Брянск (коорд.5315¢-34 о19’)"
196,26976,Красная Гора,53°01¢,31°36¢,147,1934,
197,26997,Трубчевск,52°35¢,33°46¢,177,1930,Перенос в 1983г. на 7км к ССЗ
198,27008,Бабаево,59°24¢,35°56¢,136,1926,Перенос  в 1933г. на 3.5км  к СЗ
199,27037,Вологда,59°19¢,39°56¢,125,1844,Переносы: 15.09.1959г. на 2км к Ю и 02.08.1982г. на 1км к ССЗ
200,27051,Тотьма,59°53¢,42°45¢,134,1883,Перенос  в 05.1939г. на 1км  к С         
201,27066,Никольск,59°32¢,45°28¢,142,1904,Перенос 29.09.1966г. на 1.5км к С
202,27083,Опарино,59°51¢,48°17¢,179,1931,
203,27164,Кологрив,58°49¢,44°19¢,150,1897,Перенос в 1963г. на 4км к СВ
204,27208,Максатиха,57°48¢,35°54¢,140,1926,"Переносы: 03.11.1942г. на 1.5км к В, 29.07.1988г. на 1.5км  к  З   "
205,27225,Рыбинск,58°06¢,38°41¢,104,1949,
206,27277,Ветлуга,57°51¢,45°46¢,133,1924,Перенос: 28.02.1934г. на 1.6км к ЮЗ
207,27296,Кумены,58°06¢,49°55¢,175,1927,
208,27333,Кострома,57°44¢,40°47¢,125,1842,Перенос 1.09.1992г. на 10км к ЗЮЗ в д.Коряково
209,27385,Яранск,57°22¢,47°55¢,103,1923,
210,27425,Переславль-Залесский,56°43¢,38°50¢,174,1921,"Переносы: 10.10.1938г. на 1км к  ЮЮВ, в 1953г. на 1км к ЮЮВ"
211,27459,Нижний Новгород,56°16¢,44°00¢,161,1835,"Переносы в 05.1922г. на 2-3км к ЮВ, в 07.1932г. на 7км к ЮЮЗ"
212,27485,Йошкар-Ола,56°38¢,47°46¢,116,1926,"Переносы: 20.09.1931г. на 1км к ЮЮВ, 25.08.1939г. на 4км к З, в 1986г. на 1км к З, в 2010г. на 9.5км к ЮЗ"
213,27509,Можайск,55°31¢,36°00¢,184,1932,Перенос 31.01.1942г. на 2км к СЗ
214,27595,Казань,55°44¢,49°12¢,116,1812,"До 11.1925г. Казань (Университет), координаты - 55°47¢ - 49°08¢. С 11.1925г. Казань (опорная)"
215,27612,"Москва, ВДНХ",55°50¢,37°37¢,147,1948,
216,27625,Коломна,55°08¢,38°44¢,112,1913,"Переносы: в 1930г. на 2км к СЗ, в 12.1955г. на 5км к СЗ"
217,27648,Елатьма,54°58¢,41°45¢,132,1885,
218,27665,Лукоянов ,55o02’,44 o30’,217,1886,
219,27675,Порецкое,55°11¢,46°20¢,136,1891,
220,27707,Сухиничи,54°05¢,35°21¢,237,1926,Перенос 02.02.1960г. на 1.5км к ВЮВ
221,27730,Рязань,54°35¢,39°42¢,155,1931,Перенос  в 1942г. на 2км в аэропорт  
222,27756,Краснослободск,54°26¢,43°46¢,185,1934,"Переносы: 09.01.1958г. на 2.5км к СЗ, в 1986г. на 1км к ЮВ"
223,27814,Плавск,53°39¢,37°14¢,240,1963,
224,27823,Павелец,53°47¢,39°14¢,209,1927,
225,27857,Земетчино,53°29¢,42°38¢,131,1880,Перенос 26.09.1957г. на 1.5км к ЮВ
226,27872,Инза,53°51¢,46°25¢,175,1925,"Переносы:  01.01.1963г. на 1.5км  к ЮЮЗ, в 1985г. на 5.5км к В  "
227,27947,Тамбов,52 о48’,41 о29’,127,1845,"Переносы: 24.09.1948г. на 6км к СВ, 15.05.1952г. на 8км к С, 30.09.1957г.на 1.7км к Ю "
228,27962,Пенза,53°07¢,45°01¢,169,1850,Перенос  в 1969г. на 9км к Ю
229,27995,Безенчук,52°59¢,49°26¢,45,1904,
230,28009,Кирс,59°21¢,52°15¢,167,1902,"Переносы: в 1954г. на 5км к СЗ, в 2009г. на 3.5км к ЮВ"
231,28064,Леуши,59°38¢,65°43¢,70,1927,
232,28138,Бисер,58°31¢,58°51¢,463,1888,
233,28144,Верхотурье,58°52¢,60°47¢,124,1890,
234,28224,Пермь,58°00¢,56°20¢,171,1866,"Переносы: 16.04.1938г. на 2км из центра города на северную окраину п.Балатово, 18.10.1951г. на 5км к ВЮВ от центра города на территорию опытной станции"
235,28255,Туринск,58°03¢,63°41¢,101,1926,"Переносы: в 05.1956г. на 1км  к СЗ, в 10.1963г. на 2.5км  к СЗ"
236,28275,Тобольск,58°09¢,68°15¢,45,1884,"Закрыта в 1957г., 19.06.1957г. открыта  Тобольск, аэрол., затем Тобольск, ОГМС; в наст. время Тобольск"
237,28312,Дебесы,57°38¢,53°49¢,187,1936,
238,28367,Тюмень,57°07¢,65°25¢,101,1950,
239,28402,Кильмезь,56°54¢,51°04¢,143,1936,"Переносы: 10.12.1977г. на 5км к Ю, 23.10.1992г. на 3.5км к ССЗ"
240,28411,Ижевск ,56 o50’,53 o27’,155,1933,"Переносы: в 06.1951г. на 5км к В, координаты 
56 o51’-53 o18’; 30.10.1974г. на 10км к В, координаты 56 o50’-53 o27’; 25.07.1977г. на 1.4км к СВ "
241,28418,Сарапул,56°28¢,53°44¢,135,1923,Перенос  18.09.1970г. на 5км  к ЮЗ  
242,28419,Янаул,56°16¢,54°54¢,98,1926,Перенос в 11.1943г. на 2км к СВ
243,28434,Красноуфимск,56°39¢,57°47¢,205,1926,Перенос 5.11.1956г. на 6км к С
244,28440,Екатеринбург,56 o50’,60 o38’,280,1831,Перенос в 1969г. на 1.5км к Ю 
245,28445,Верхнее Дуброво,56°44¢,61°04¢,286,1936,
246,28493,Тара,56°54¢,74°23¢,73,1887,"Переносы: 15.08.1936г. на 2.5км на территорию опытной станции, 02.10.1951г. на 5км к ЮЗ. С 02.05.1960 г. данные станции Тара, ОГМС"
247,28506,Елабуга,55°46¢,52°03¢,90,1843,
248,28537,Дуван,55°42¢,57°54¢,337,1936,Перенос в 06.1956г. на 1км к СВ
249,28552,Шадринск,56°04¢,63°39¢,88,1894,Перенос 21.11.1955г. на 3км к СЗ
250,28561,Памятное,56°01¢,65°42¢,66,1956,
251,28573,Ишим,56°06¢,69°26¢,82,1925,
252,28624,Кушнаренково,55°08¢,55°21¢,98,1929,Перенос в 1947г. на 2км к ЮЗ
253,28630,Златоуст,55°10¢,59°40¢,532,1818,Перенос в 1958г. на 1км к СЗ
254,28661,Курган ,55 o27’,65 o24’,71,1893,"Переносы: в 08.1942г. на 2км к СВ; в 06.1976г. на 1.65км к ССЗ; в 06.1994г. на 1.5км к ЮЮЗ, в 2014г. на 1.3км к Ю "
255,28666,Макушино,55°15¢,67°18¢,138,1926,"Переносы: 23.10.1929г. на 2км к С, 29.10.1954г. на 1км к ССВ"
256,28698,Омск,55°01¢,73°23¢,121,1875,"До 1916г. данные ст.Омск, город (координаты: 5458-7323). С 1916г. до 1935г. данные станции Омск, оп. п. (координаты: 5501-7319).  С 1935г. – Омск, степная; с 10.04.1962г. - Омск, отдел наблюдений; с 08.1983г.- Омск, ОГМС (координаты: 5501-7323)"
257,28704,Чулпаново,54°30¢,50°25¢,76,1929,
258,28719,Аксаково,54°02¢,54°09¢,350,1932,
259,28722,Уфа,54°43¢,55°50¢,104,1853,"Уфа 1 до 1957г., Уфа,Дема с 27.06.1957г."
260,28748,Троицк,54°05¢,61°37¢,192,1887,Перенос в 1974г. на 1км к ЗСЗ
261,28802,Серноводск,53°55¢,51°16¢,112,1917,"Переносы: в 1915г.  на 7км  к СВ, в 1965г. на 1.5км к  ССЗ"
262,28823,Тукан,53°52¢,57°25¢,551,1935,
263,28825,Стерлитамак,53°35¢,56°00¢,136,1924,"Переносы: 19.07.1963г. на 7км к ЮЮЗ,  в 1984г. на 1.2км к ССВ"
264,28833,Верхнеуральск,53°53¢,59°12¢,401,1903,Переносы:29.10.1935г. и 01.03.1960г. на 1.5км к З
265,28895,Русская Поляна,53°47¢,73°53¢,127,1954,
266,29023,Напас,59°51¢,81°57¢,77,1932,"Перенос 07.06.1948г. к СЗ с правого берега реки Тыма на левый берег, координаты изменились: широта на 5´, долгота на 2´"
267,29111,Средний Васюган,59°13¢,78°14¢,68,1913,
268,29154,Усть-Озерное,58°53¢,87°45¢,113,1932,Перенос 23.05.1949г. на 3км к С
269,29231,Колпашевская,58°19¢,82°57¢,73,1925,"Переносы: 04.12.1935г. на 9км к З, 14.10.1947г. на 2км к В, в 1984г. на 2км к В"
270,29263,Енисейск,58°27¢,92°09¢,77,1853,До 1915г. переносилась 15 раз без изменения координат
271,29282,Богучаны,58°23¢,97°27¢,131,1930,Перенос 09.12.1960г. на 2км к СЗ
272,29313,Пудино,57°34¢,79°26¢,96,1927,"Переносы: в 1930г. на 2км в п.Лушниково, в 1954г. на 1км к СЗ"
273,29328,Бакчар,57°00¢,82°04¢,109,1934,Перенос в 1981г. на 2км к ЮЮВ
274,29348,Первомайское,57°04¢,86°13¢,114,1910,
275,29379,Тасеево,57°12¢,94°33¢,163,1988,
276,29393,Червянка,57°39¢,99°32¢,219,1940,
277,29418,Северное,56°20¢,78°22¢,124,1936,Перенос  16.10.1953г. на 1.5км  к СЗ
278,29430,Томск ,56 o30’,84 o55’,141,1837,Перенос 18.04.1934г. на 2км от южной окраины города
279,29467,Ачинск,56°17¢,90°31¢,265,1894,Перенос  15.12.1956г. на 1км к Ю. До 2003г. наз Ачинск ж.д.ст.   
280,29539,Болотное,55°40¢,84°24¢,191,1928,Перенос  26.07.1956г. на 2км к  ВЮВ   
281,29541,Тайга,56°04¢,85°37¢,250,1900,Перенос  22.09.1936г. на 2км в ЮЗ часть города 
282,29557,Тисуль,55°45¢,88°18¢,210,1926,"Переносы: 11.12.1937г. на 1.5км на южную окраину села, 30.06.1957г. на 2км к З"
283,29570,Красноярск опыт.поле,56°02¢,92°45¢,277,1914,
284,29580,Солянка,56°10¢,95°16¢,359,1931,
285,29594,Тайшет,55°57¢,98°00¢,305,1902,Перенос  24.08.1940г. на 1.5км  к С  
286,29605,Татарск,55°13¢,76°01¢,112,1899,"Переносы:  29.10.1935г. на 3км к ССВ, 30.07.1949г. на 1.2км  к ССВ на восточную окраину города "
287,29612,Барабинск,55°20¢,78°22¢,119,1900,"Переносы: 31.05.1939г. на 2-2.5км к С,  20.10.1949г. на 4км к ЮЗ"
288,29638,Огурцово,54°54¢,82°57¢,131,1930,Перенос  в 1942г. на 4км  к ЮЗ   
289,29645,Кемерово (Новостройка),55°15¢,86°13¢,148,1965,Перенос  в 1985г. на  1км к З
290,29664,Светлолобово,55°06¢,90°50¢,326,1958,
291,29698,Нижнеудинск,54 o53’,99 o02’,410,1941,
292,29752,Ненастная,54°45¢,88°49¢,1186,1932,
293,29789,Верхняя Гутара,54°13¢,96°58¢,983,1935,
294,29822,Камень-на-Оби,53°49¢,81°16¢,127,1901,Переносы: в 06.1983г. на 15км  к З; в 08.1989г. на 10км к В
295,29838,Барнаул ,53 o26’,83 o31’,183,1838,"До  1950г. координаты: 53 o20’-83o48’,
с 1950г. координаты: 53 o22’-83o42’
Перенос 12.09.1970г. на 8км к З, с 2005г. коорд. 53 o26’-83o31’"
296,29849,Кузедеево,53°20¢,87°11¢,293,1940,
297,29858,Неожиданный,53°17¢,89°04¢,527,1941,
298,29862,Абакан (Хакасский),53°46¢,91°19¢,254,1928,
299,29866,Минусинск,53°43¢,91°42¢,254,1885,"1885-1914гг..- Минусинск, музей, с 1915г. – Минусинск, оп.поле. Перенос 25.06.1990г. на 800м к СЗ"
300,29915,Славгород,52°58¢,78°39¢,125,1925,Перенос 08.12.1936г. на 2км к ЮЗ
301,29923,Ребриха,53°05¢,82°20¢,218,1939,Перенос  в 1977г. на 3км к  ЗСЗ
302,29939,Бийск-Зональная,52°41¢,84°56¢,224,1934,Перенос  в 1990г. на 2км  к З  
303,29974,Оленья Речка,52°48¢,93°14¢,1404,1926,
304,29998,Орлик,52°30¢,99°49¢,1376,1934,
305,30028,Ика,59°17¢,106°10¢,350,1944,
306,30054,Витим,59°27¢,112°35¢,186,1929,Перенос в 1962г. на 2км к Ю
307,30069,Перевоз,59°00¢,116°55¢,330,1937,
308,30089,Джикимда,59°01¢,121°46¢,174,1939,
309,30209,Ершово,57°07¢,102°18¢,371,1973,
310,30219,Максимово,57°06¢,104°58¢,354,1912,
311,30230,Киренск,57°46¢,108°04¢,256,1892,"Переносы: в 11.1909г. на 1.5км к В, в 06.1931г. на наб. р.Лена, 15.08.1933 г. на правый берег р.Лена. В 09.1940г. орг. АМСГ в 2.5-3км от прежней станции на левом берегу р.Лена, в 07.1942г. на 1.5км к ЮЮВ (правый берег)"
312,30252,Мамакан,57°49¢,114°01¢,244,1957,
313,30253,Бодайбо ,57 o52’,114 o14’,274,1931,
314,30309,Братск,56°17¢,101°45¢,411,1901,"Перенос в 12.1956г. на 4км к СЗ и до 01.05.1961г. - Братск,АМСГ, с 01.05.1961г. – Братск, ГМО, с 14.01.1991г. – Братск, ЦГМС"
315,30328,Орлинга,56°03¢,105°50¢,338,1932,
316,30337,Казачинское,56°19¢,107°37¢,355,1942,"Переносы: в 1952г. на 1-1.5км к ЮЗ, в 1966г. на 1км к СЗ"
317,30356,Таксимо,56°23¢,114°50¢,513,1964,
318,30372,Чара,56°54¢,118°16¢,709,1938,"Переносы: в 09.1949г. на 1км к СВ (коорд.56 °55¢ - 118°22¢), 01.01.1969г. на 1км к ЮЗ"
319,30385,Усть-Нюкжа,56°35¢,121°30¢,440,1938,
320,30393,Чульман ,56 o50’,124 o52’,855,1927,"Переносы: 01.08.1966г.на 6км к С, в 09.1987г. на 3км к С"
321,30433,Нижнеангарск,55°47¢,109°35¢,477,1933,Перенос в 06.1951г.на 3км к ССВ
322,30437,Карам,55°09¢,107°37¢,495,1909,Перенос  в 1977г. на 1.5км
323,30469,Калакан ,55 o07’,116 o46’,612,1935,Закрыта с 01.04.2014г.
324,30471,Средний Калар,55°52¢,117°22¢,748,1938,"С 15.05.2015г. законсервирована, с 01.07.2015г. закрыта"
325,30484,Средняя Олекма,55°26¢,120°33¢,526,1950,
326,30493,Нагорный,55°57¢,124°55¢,845,1935,
327,30504,Тулун,54°36¢,100°38¢,523,1899,"Переносы: в конце 1907г. на 7км к СВ,  01.08.1951г. на 1.3км  к В"
328,30521,Жигалово,54°48¢,105°10¢,417,1938,"Переносы: 07.09.1967г. на 3км, 03.10.2001г. на 3км к ЗСЗ"
329,30536,Баргузинский заповедник,54°20¢,109°32¢,468,1954,
330,30554,Багдарин,54°26¢,113°35¢,901,1936,Перенос в 05.1951г. на 1.4км к СВ
331,30555,Троицкий Прииск,54 o35’,113 o09’,1315,1938,
332,30565,Усть-Каренга,54°26¢,116°32¢,686,1948,
333,30612,Балаганск,54°00¢,103°04¢,428,1962,
334,30627,Баяндай,53°06¢,105°32¢,757,1911,Перенос в 06.1912г. на 12км к С
335,30632,Большой Ушканий о-в,53°51¢,108°35¢,458,1950,
336,30635,Усть-Баогузин,53 o25’,109 o01’,459,1933,Перенос 15.03.1960г. на 1км к ЮЗ
337,30636,Баргузин,53°37¢,109°38¢,488,1898,"Переносы: в 03.1936г. на 1км к СЗ, в 1952г. на 2км к З"
338,30650,Романовка,53°12¢,112°47¢,920,1913,"Переносы: в 10.1955г. на 3км к ЮЗ, в 01.1963г. на 1км к З"
339,30673,Могоча,53°45¢,119°44¢,624,1910,Перенос в 1937г. на 1км к СЗ
340,30692,Сковородино,54 o00’,123 o58’,397,1911,Перенос в 11.1932г. на 3км к СВ
341,30695,Джалинда,53°28¢,123°54¢,266,1896,
342,30703,Инга,52°58¢,101°59¢,541,1936,
343,30710,Иркутск-обсерватория,52°16¢,104°19¢,467,1830,
344,30716,Хомутово,52°28¢,104°22¢,453,1956,
345,30727,Большое Голоустное,52°02¢,105°25¢,461,1897,Перенос  03.08.1954г. на 2км к С
346,30745,Сосново-Озерское,52°32¢,111°33¢,952,1935,
347,30758,Чита,52°05¢,113°29¢,671,1890,Перенос  24.03.1955г. на 3км к С.  До переноса координаты: 52°03¢ - 113°29¢
348,30777,Сретенск,52°14¢,117°42¢,528,1899,Перенос в 06.1942г. на 2.5км к ЮЮЗ
349,30811,Тунка,51°44¢,102°32¢,720,1951,
350,30815,Хамар-Дабан,51°32¢,103°36¢,1442,1936,
351,30822,Бабушкин,51°42¢,105°51¢,466,1940,Перенос в 06.1959г. на 2км к З
352,30823,Улан-Удэ,51 o50’,107 o36’,514,1847,"Переносы: в 08.1901г. на 1км к СВ, в 04.1919г. на 3-5км к ЮВ, в 11.1934г. на 3км к СЗ, в 07.1942г. на 10-15км к ЗЮЗ, в 1947г. обратно., в 1953г. на 1.5км к ЮЗ"
353,30825,Иволгинск,51°45¢,107°16¢,562,1965,
354,30844,Хилок,51°22¢,110°28¢,800,1901,"Хилок, город с 1901-1950гг., коорд.: 51°22¢ - 110°27¢, с 1951г. ст.Хилок в 7км к В, коорд. 51°21¢ - 110°38¢, перенос 20.06.1972г. на 4км к З, коорд. 51°21¢ - 110°28¢, сейчас коорд. 51°22¢ - 110°28¢"
355,30859,Агинское,51°06¢,114°31¢,680,1908,
356,30879,Нерчинский завод,51°19¢,119°37¢,621,1839,
357,30915,Цакир,50°26¢,103°36¢,984,1940,
358,30925,Кяхта,50°22¢,106°27¢,791,1885,
359,30935,Красный Чикой,50°22¢,108°45¢,770,1913,Перенос в 04.1948г. на 1км к ВСВ
360,30949,Кыра,49°34¢,111°58¢,907,1927,
361,30954,Мангут,49°42¢,112°40¢,807,1940,
362,30965,Борзя,50°24¢,116°31¢,675,1901,Перенос в 05.1953г. на 1.2км к ССВ
363,31004,Алдан,58°36¢,125°23¢,678,1926,
364,31026,Учур,58°44¢,130°37¢,194,1934,
365,31062,Югоренок,59°46¢,137°40¢,380,1946,
366,31088,Охотск,59°22¢,143°12¢,5,1789,
367,31092,Талон,59°46¢,148°38¢,19,1953,
368,31102,Канку,57°39¢,125°58¢,1204,1950,Перенос 22.03.1964г. на 1.7км к В
369,31137,Токо,56°17¢,131°08¢,849,1945,
370,31152,Нелькан,57°39¢,136°09¢,326,1917,Переносы: в 08.1945г. на 3км к Ю; 11.09.1956г.-обратно
371,31168,Аян,56°27¢,138°09¢,6,1890,"Перенос в 11.1931г. на северный берег бухты Аянская на вершину горы, на высоту 60м над уровнем моря. В 10.1937г. перенос на южную окраину пос. Аян  вниз по склону"
372,31174,Большой Шантар,54°50¢,137°32¢,9,1924,Переносы: 28.09.1935г. на 2-2.5км  к ЮВ; 01.11.1958г. на 2км  к СЗ
373,31235,Джана,55°19¢,134°33¢,318,1952,
374,31253,Бомнак,54°43¢,128°52¢,365,1909,17.04.1996г. ТДС Бомнак перенесена в п.Бомнак на 7км к ЮЗ
375,31285,Удское,54°30¢,134°25¢,62,1939,
376,31329,Экимчан,53°05¢,132°56¢,540,1915,
377,31362,Литке,53°57¢,140°20¢,22,1952,
378,31369,Николаевск-на-Амуре,53°09¢,140°42¢,45,1854,"Переносы: до 1909г. в пределах города, в 10.1909 г. на 0.5км к С, 17.06.1949г. на 3км к З (в аэропорт), 22.07.1987г. на 1км к ССЗ, в 2014г. на территорию аэрологического пункта"
379,31371,Черняево,52°47¢,126°00¢,208,1902,
380,31388,Норск,52°21¢,129°55¢,207,1925,
381,31416,Им. Полины Осипенко,52°25¢,136°30¢,69,1911,
382,31436,Джаоре,52°40¢,141°17¢,5,1926,
383,31439,Богородское,52°23¢,140°28¢,33,1935,
384,31443,Мазаново,51°38¢,128°49¢,161,1909,
385,31459,Верхняя Томь,51°21¢,130°26¢,260,1927,Законсервирована 15.09.1998г.
386,31478,Софийский Прииск,52°16¢,133°59¢,902,1887,
387,31510,Благовещенск,50°17¢,127°29¢,168,1859,Перенос в 2014г. на 6.5км к СЗ
388,31532,Чекунда,50 o52’,132 o15’,271,1934,Перенос в 04.1979г. на 7км выше по течению р. Бурея
389,31538,Сутур,50°04¢,132°08¢,343,1939,Перенос в 09.1960г. на 2км к В
390,31562,Нижнетамбовское,50°55¢,138°11¢,24,1932,"Перенос  28.07.1973г. на 1км к С, с 13.09.2013г.-01.06.2015г. – пост, 01.06.2015г. перенос на 1км к Ю из-за затопления  "
391,31586,Константиновка,49°37¢,127°58¢,117,1950,
392,31594,Архара,49 o25’,130 o05’,134,1913,
393,31677,Солекуль,49°10¢,138°03¢,915,1935,
394,31707,Екатерино-Никольское,47°44¢,130°58¢,71,1890,Перенос в 1912г. на 1-1.5км к В
395,31725,Смидович,48°36¢,133°50¢,50,1912,
396,31733,Елабуга,48°49¢,135°53¢,62,1938,
397,31735,Хабаровск,48 o31’,135 o07’,88,1878,
398,31770,Советская Гавань,49°00¢,140°18¢,21,1913,Перенос 01.06.1944г. на 4-5км к С
399,31788,Лермонтовка,47°09¢,134°20¢,75,1938,
400,31829,Золотой,47°19¢,138°59¢,27,1935,"Законсервирована с 05.10.2010г., закрыта 13.11.2014г."
401,31845,Красный Яр,46°32¢,135°19¢,128,1939,
402,31873,Дальнереченск,45°52¢,133°44¢,100,1909,
403,31895,Мельничное,45°27¢,135°30¢,331,1935,
404,31909,Терней,45 o00’,136 o36’,51,1925,Переносы: в 1940г. на 4км на северо-восточный берег бухты Терней; в 12.1975г. на 5км от побережья вглубь
405,31915,Пограничный,44 o24’,131 o23’,217,1902,
406,31931,Свиягино,44°48¢,133°05¢,99,1938,
407,31959,Рудная Пристань,44°22¢,135°51¢,27,1932,Переносы: 06.12.1933г. на 7км к  ЮЗ; 18.05.1937г. на 1км  к СВ. 
408,31960,Владивосток,43°07¢,131°55¢,187,1917,Перенос 17.02.1959г. на 2км к В
409,31961,Тимирязевский,43°53¢,131°58¢,34,1911,Переносы: в 05.1914 г. на 2.5км к  ЗСЗ; в 12.1920г. на 2км  к ССВ; 14.05.1986г. на 2.5км к СЗ; 20.09.1991г. на 1.5км
410,31969,Посьет,42°39¢,130°48¢,41,1885,
411,31989,Преображение,42°54¢,133°54¢,44,1936,
412,32014,Москальво,53°34¢,142°30¢,5,1931,"Переносы: в 07.1957г. на 2.5км к В, 01.01.1965г.  на 2 км к СВ   "
413,32027,Погиби,52°13¢,141°38¢,6,1933,
414,32053,Ноглики,51°55¢,143°08¢,35,1929,Переносы: 18.10.1957 г. на 2км к  ЮЗ; 01.10.1962г. на 1.5км к  ЮВ
415,32061,Александровск-Сахалинский,50°54¢,142°10¢,30,1881,"Переносы: в 01.1893г. на 2км к С, в 12.1960г. на 2км к СЗ"
416,32071,Тымовское,50°44¢,142°43¢,94,1886,"Переносы: в 1913г. на 5км к С, 26.09.1932г. на 4км к С, 30.05.1935г. на 5км к Ю, в 12.1954г. на 3км к С, 01.11.1966г. на 17 км к С"
417,32076,Пограничное,50°24¢,143°46¢,6,1935,
418,32088,Углегорск,49°04¢,142°02¢,39,1939,Перенос 01.01.1959г. на 2 км к З
419,32098,Поронайск,49°13¢,143°06¢,7,1908,
420,32099,Мыс Терпения,48°39¢,144°44¢,33,1949,
421,32121,Ильинский,47°59¢,142°12¢,17,1942,
422,32145,Невельск,46°40¢,141°52¢,22,1920,"Переносы: 01.08.1961г. на 10км к Ю, 01.11.1972г. обратно"
423,32149,Мыс Крильон,45°54¢,142°05¢,34,1941,
424,32150,Южно-Сахалинск,46°57¢,142°43¢,22,1942,Переносы: в 09.1946г. на 2.5км  к В; 01.01.1949г. на 3км к  З
425,32165,Южно-Курильск,44°01¢,145°52¢,44,1947,Перенос 01.01.1957г. на 5км к В
426,32174,Курильск,45°15¢,147°53¢,25,1904,
427,32213,Мыс Лопатка,50°52¢,156°41¢,48,1927,
428,32246,Оссора,59°14¢,163°04¢,6,1950,Перенос  25.09.1964г. на 3км к Ю
429,32252,Усть-Воямполка,58°30¢,159°10¢,4,1935,
430,32287,Усть-Хайрюзово,57°05¢,156°42¢,3,1932,Перенос 01.05.1967г. на 2км к С
431,32363,Эссо,55°56¢,158°42¢,480,1941,
432,32389,Ключи,56°19¢,160°50¢,28,1885,
433,32411,Ича,55°35¢,155°35¢,5,1935,
434,32447,Долиновка,55°07¢,159°04¢,101,1936,Перенос 01.12.1976г. на 1.2км  к С
435,32477,Соболево,54°18¢,155°55¢,25,1937,
436,32509,Семячик,54°07¢,159°59¢,28,1935,
437,32539,Начики,53°07¢,157°44¢,317,1935,
438,32547,Сосновка,53°05¢,158°18¢,40,1957,
439,32562,Большерецк,52°50¢,156°18¢,30,1959,
440,32583,Петропавловск-Камчатский,52°52¢,158°39¢,32,1843,Перенос 01.04.1946г. на 2км к Ю
441,32586,Петропавловский маяк,52°53¢,158°43¢,126,1894,
442,32618,Остров Беринга,55°12¢,165°59¢,16,1899,Перенос  в 07.1957г. на 1.5км  к ЮВ
443,33166,Рыльск,51°34¢,34°41¢,204,1924,Перенос  в 1967г. на 2.5км  к ЮВ
444,33946,Симферополь,45°00¢,34°00¢,180,1886,Перенос в 1984г. на 2.5 км к З.
445,33976,Феодосия,45°00¢,35°23¢,26,1981,
446,33983,Керчь,45°24,36°23¢,49,1936,Перенос в 1973г. на 1.1 км к ССВ.
447,34003,Поныри,52°19¢,36°18¢,247,1891,
448,34009,Курск,51°46¢,36°10¢,246,1833,"Перенос 29.06.1957г. на 4км к С, в 1989г. на 3км к ЮЗ"
449,34026,Конь-Колодезь,52°09¢,39°09¢,135,1893,
450,34059,Росташи,51°52¢,43°35¢,161,1950,
451,34110,Богородицкое-Фенино,51°10¢,37°21¢,223,1890,
452,34123,Воронеж,51°42¢,39°13¢,147,1918,Перенос 29.05.1930г. на 1км к З
453,34139,Каменная Степь,51°03¢,40°42¢,193,1921,
454,34152,Балашов,51°33¢,43°09¢,157,1900,Перенос  в 10.1951г. на 1.5км  к СВ
455,34163,Октябрьский городок,51°38¢,45°27¢,202,1847,
456,34172,Саратов,51 o34’,46 o00’,125,1836,"1836-1911гг..- Саратов, город (координаты 51 o32’- 46 o02’),  1912-1965гг..- Саратов, оп.п. (координаты 51 o34’- 46 o00’),  с 1966г. – Саратов, южный; с 01.05.2011г. Саратов Юго-Восток"
457,34186,Ершов,51°22¢,48°18¢,110,1901,"Переносы: 22.08.1938г. на 1км к СВ; в 11.1967г. на 1км к СВ, 11.07.1987г. на 3км к ЮВ"
458,34202,Готня,50°48¢,35°46¢,225,1930,Перенос  08.10.1955г. на 2км к СЗ
459,34240,Урюпинск,50°48¢,42°00¢,106,1858,Переносы: в 05.1948г. на 2 км  к ВСВ; в 06.1986г. на 1.5 км  к  ЮВ
460,34247,Калач,50°25¢,41°03¢,90,1930,Перенос  09.10.1961г. на 1км к  В
461,34289,Новоузенск,50°26¢,48°08¢,32,1899,
462,34321,Валуйки,50°13¢,38°06¢,111,1926,Перенос  в 1935г. на 3.5км  к  СЗ   
463,34356,Фролово,49°48¢,43°40¢,118,1928,Перенос  в 11.1948г. на 2.5 км к  ССВ
464,34391,Александров Гай,50 o09’,48 o33’,23,1929,
465,34432,Чертково,49°23¢,40°10¢,145,1924,Перенос 10.12.1958г. на 2.5км к В
466,34476,Эльтон,49°08¢,46°51¢,5,1914,
467,34561,Волгоград ,48 o40’,44 o27’,113,1836,"Переносы: в 1915г. на 1км к СЗ, с 08.1944г. по 02.1955г. в 20км к ЮЗ (Бекетовка), с 1955г. по 1959г. – сведений о местоположении станции не сохранилось.. С 1.11.1960г.–Волгоград, СХИ (координаты 48 o40’- 44 o27’)"
468,34579,Верхний Баскунчак,48°13¢,46°44¢,34,1908,
469,34646,Цимлянск(Волгодонск),47°38¢,42°07¢,64,1930,"Переносы: 20.04.1946г. на 1км к С, 14.11.1951г. на 15км к ЮЗ"
470,34720,Таганрог,47°12¢,38°54¢,30,1816,Перенос  в 10.1985г. на 4км к  З
471,34730,Ростов-на-Дону ,47 o15’,39 o49’,81,1881,"1881-06.1988гг.. – Ростов-на-Дону, оп.ст., ГМО (координаты 47 o15’- 39 o44’),  
07.1988 –1996гг. – Ростов-на-Дону, аэропорт (координаты 47 o15’- 39 o49’),  1997-04.2006гг.-Ростов-на-Дону, М, (координаты 47 o16’- 39 o49’), с 05.2006г. – Ростов-на-Дону (координаты 47o15’- 39 o49’) "
472,34740,Гигант,46°31¢,41°21¢,79,1939,Перенос  18.11.1970г. на 2 км  к В
473,34759,Ремонтное,46°34¢,43°40¢,105,1927,
474,34824,Приморско-Ахтарск,46°02¢,38°09¢,3,1914,
475,34861,Элиста,46 o19’,44 o18’,155,1928,Переносы:19.04.1944г. на 5км к СВ (координаты 46 o19’- 44 o18’); 07.09.1970г. на 7км к С 
476,34866,Яшкуль,46°11¢,45°21¢,-7,1928,
477,34880,Астрахань,46°17¢,47°59¢,-22,1837,Перенос  12.02.1962г. на  11 км к  ЮЗ
478,34927,"Краснодар, Круглик",45°03¢,39°02¢,28,1881,
479,34949,"Ставрополь, АМСГ",45°07¢,42°07¢,451,1914,Перенос в 01.1976г. на 10км к СВ
480,34984,Лагань,45°24¢,47°21¢,-25,1959,Переносы: 11.08.1976г. на 4км  к ЮЗ; 09.10.1997г. на 3км  к С
481,35007,Перелюб,51°52¢,50°20¢,72,1933,
482,35011,Сорочинск,52°26¢,53°08¢,122,1934,
483,35026,Зилаир,52°13¢,57°24¢,522,1932,
484,35041,Бреды,52°26¢,60°21¢,309,1931,"Переносы: 01.01.1936г. на 6км к ССЗ, 04.10.1937г. на 2км к ССЗ"
485,35121,Оренбург,51°41¢,55°06¢,115,1843,"В 01.1962 г. наблюдения перенесены на ст. Оренбург, аэрол. в 5км к СЗ, в 1975г. на 12км к ЮЗ"
486,35127,Акбулак,51°01¢,55°38¢,143,1927,
487,35233,Домбаровский,50°45¢,59°33¢,277,1937,Перенос в 09.1942г. на 20км к ЮВ
488,36034,Рубцовск,51 o35’,81 o12’,216,1924,"Переносы: 05.11.1942г. на 1.5км к СВ, 05.05.1943г. на 2км к ЮВ, в 08.1955г. на 10км к СЗ"
489,36038,Змеиногорск,51°09¢,82°10¢,354,1901,Перенос 27.09.1956г. на 1.5км к ЗЮЗ
490,36045,Солонешное,51°38¢,84°20¢,409,1948,Перенос  05.11.1963г. на 2км к Ю
491,36055,Кызыл-Озек,51°54¢,86°00¢,324,1940,
492,36064,Яйлю,51°46¢,87°36¢,482,1940,
493,36096,Кызыл (Тувинский),51°43¢,94°30¢,626,1943,Переносы: 22.06.1944г. на 2км  к  В; 01.10.1956г. на 3км к В
494,36099,Сосновка,51°09¢,94°31¢,947,1964,
495,36103,Тоора-Хем,52°28¢,96°06¢,919,1945,
496,36229,Усть-Кокса,50°16¢,85°37¢,977,1940,
497,36259,Кош-Агач,50°00¢,88°40¢,1759,1933,Перенос  10.09.1953г. на 1км  к СВ  
498,36278,Мугур-Аксы,50°22¢,90°26¢,1850,1963,
499,36307,Эрзин,50°16¢,95°07¢,1100,1949,
500,36442,Кара-Тюрек ,50°02¢,86°27¢,2601,1940,
501,37001,Анапа,44°53¢,37°17¢,30,1899,Перенос  с 01.1986г. на 2км к Ю
502,37018,Туапсе,44 o06’,39 o04’,60,1903,
503,37031,Армавир,44 o59’,41 o07’,158,1932,"Переносы: 05.09.1933г. на 1км к ЮЗ, 13.09.1963г. на 6км к С"
504,37054,Минеральные Воды,44 o13’,43 o06’,312,1938,Перенос с 06.1969г. на 3км к З
505,37061,Буденновск,44°47¢,44°08¢,134,1917,
506,37075,Южно-Сухокумск,44°39¢,45°39¢,19,1955,
507,37089,Тюлений остров,44°28¢,47°29¢,-24,1959,
508,37099,Сочи,43°35¢,39°46¢,142,1870,
509,37107,Красная Поляна,43°41¢,40°12¢,564,1914,
510,37112,Зеленчукская,43°52¢,41°34¢,928,1940,
511,37123,Кисловодск,43°54¢,42°43¢,943,1881,"Переносы: в 10.1926г. из города на Казачью гору, в 12.1937г. на гору Крестовую, в 1973г. на 1км к Ю на гору Пикет"
512,37126,Шаджатмаз,43°44¢,42°40¢,2070,1949,
513,37196,Клухорский перевал,43°15¢,41°50¢,2037,1959,
514,37228,Владикавказ,43°02¢,44°41¢,702,1934,"С 07.1934г. до 1974г.  - Владикавказ, АМСГ"
515,37235,Грозный,43 o15’,45 o43’,256,1870,
516,37244,Гудермес,43°21¢,46°07¢,74,1940,Перенос 08.12.1960г. на 1.5км к Ю
517,37461,"Сулак, высокогорная",42°22¢,46°15¢,2927,1930,
518,37470,Дербент,42°04¢,48°18¢,-19,1886,
519,37471,Буйнакск,42°49¢,47°07¢,472,1881,
520,37472,Махачкала,43°01¢,47°29¢,-20,1882,"Махачкала,порт с 1882г. – 06.1897г., координаты: 42°59¢-47°31¢. 
Махачкала,маяк: с 07.1897г. по  12.1964г., в 1962г. перенос на 5.5км, координаты: 43°00¢-47°30¢. С 01.1965г. по 11.1991г. – Махачкала,АЭ, ЮВ окраина, координаты: 42°58¢-47°32¢. В 1991г.перенос на 9км к СЗ"
521,37663,Ахты,41°28¢,47°45¢,1016,1910,Перенос 26.11.1963г. на 1.5км к В
